{
    "utterances": [
        {
            "text": "alalalal jump kasdjh",
            "entities": [],
            "traits": []
        },
        {
            "text": "can you sneak three times and then jump once",
            "entities": [
                {
                    "entity": "movement_with_repeat:movement_with_repeat",
                    "start": 8,
                    "end": 25,
                    "body": "sneak three times",
                    "entities": [
                        {
                            "entity": "wit$number:number",
                            "start": 6,
                            "end": 11,
                            "body": "three",
                            "entities": []
                        },
                        {
                            "entity": "movement_type:movement_type",
                            "start": 0,
                            "end": 5,
                            "body": "sneak",
                            "entities": []
                        }
                    ]
                },
                {
                    "entity": "movement_with_repeat:movement_with_repeat",
                    "start": 35,
                    "end": 44,
                    "body": "jump once",
                    "entities": [
                        {
                            "entity": "movement_type:movement_type",
                            "start": 0,
                            "end": 4,
                            "body": "jump",
                            "entities": []
                        },
                        {
                            "entity": "wit$number:number",
                            "start": 5,
                            "end": 9,
                            "body": "once",
                            "entities": []
                        }
                    ]
                }
            ],
            "traits": [],
            "intent": "move"
        },
        {
            "text": "crouch two times and then move to the right 3 blocks and forward 1",
            "entities": [
                {
                    "entity": "movement_with_repeat:movement_with_repeat",
                    "start": 0,
                    "end": 16,
                    "body": "crouch two times",
                    "entities": [
                        {
                            "entity": "wit$number:number",
                            "start": 7,
                            "end": 10,
                            "body": "two",
                            "entities": []
                        },
                        {
                            "entity": "movement_type:movement_type",
                            "start": 0,
                            "end": 6,
                            "body": "crouch",
                            "entities": []
                        }
                    ]
                },
                {
                    "entity": "movement_with_repeat:movement_with_repeat",
                    "start": 26,
                    "end": 52,
                    "body": "move to the right 3 blocks",
                    "entities": [
                        {
                            "entity": "movement_type:movement_type",
                            "start": 12,
                            "end": 17,
                            "body": "right",
                            "entities": []
                        },
                        {
                            "entity": "wit$number:number",
                            "start": 18,
                            "end": 19,
                            "body": "3",
                            "entities": []
                        }
                    ]
                },
                {
                    "entity": "movement_with_repeat:movement_with_repeat",
                    "start": 57,
                    "end": 66,
                    "body": "forward 1",
                    "entities": [
                        {
                            "entity": "movement_type:movement_type",
                            "start": 0,
                            "end": 7,
                            "body": "forward",
                            "entities": []
                        },
                        {
                            "entity": "wit$number:number",
                            "start": 8,
                            "end": 9,
                            "body": "1",
                            "entities": []
                        }
                    ]
                }
            ],
            "traits": [],
            "intent": "move"
        },
        {
            "text": "do you want to jump into a call",
            "entities": [],
            "traits": []
        },
        {
            "text": "go five times",
            "entities": [],
            "traits": []
        },
        {
            "text": "jump a few times and then spin twice",
            "entities": [
                {
                    "entity": "movement_with_repeat:movement_with_repeat",
                    "start": 0,
                    "end": 16,
                    "body": "jump a few times",
                    "entities": [
                        {
                            "entity": "wit$number:number",
                            "start": 5,
                            "end": 10,
                            "body": "a few",
                            "entities": []
                        },
                        {
                            "entity": "movement_type:movement_type",
                            "start": 0,
                            "end": 4,
                            "body": "jump",
                            "entities": []
                        }
                    ]
                },
                {
                    "entity": "movement_with_repeat:movement_with_repeat",
                    "start": 26,
                    "end": 36,
                    "body": "spin twice",
                    "entities": [
                        {
                            "entity": "movement_type:movement_type",
                            "start": 0,
                            "end": 4,
                            "body": "spin",
                            "entities": []
                        },
                        {
                            "entity": "wit$number:number",
                            "start": 5,
                            "end": 10,
                            "body": "twice",
                            "entities": []
                        }
                    ]
                }
            ],
            "traits": [],
            "intent": "move"
        },
        {
            "text": "jump and then walk forwards and finally spin twice",
            "entities": [
                {
                    "entity": "movement_with_repeat:movement_with_repeat",
                    "start": 0,
                    "end": 4,
                    "body": "jump",
                    "entities": []
                },
                {
                    "entity": "movement_with_repeat:movement_with_repeat",
                    "start": 14,
                    "end": 27,
                    "body": "walk forwards",
                    "entities": []
                },
                {
                    "entity": "movement_with_repeat:movement_with_repeat",
                    "start": 40,
                    "end": 50,
                    "body": "spin twice",
                    "entities": [
                        {
                            "entity": "movement_type:movement_type",
                            "start": 0,
                            "end": 4,
                            "body": "spin",
                            "entities": []
                        },
                        {
                            "entity": "wit$number:number",
                            "start": 5,
                            "end": 10,
                            "body": "twice",
                            "entities": []
                        }
                    ]
                }
            ],
            "traits": [],
            "intent": "move"
        },
        {
            "text": "jump fives time",
            "entities": [
                {
                    "entity": "movement_with_repeat:movement_with_repeat",
                    "start": 0,
                    "end": 10,
                    "body": "jump fives",
                    "entities": [
                        {
                            "entity": "movement_type:movement_type",
                            "start": 0,
                            "end": 4,
                            "body": "jump",
                            "entities": []
                        }
                    ]
                }
            ],
            "traits": [],
            "intent": "move"
        },
        {
            "text": "jump six times",
            "entities": [
                {
                    "entity": "movement_with_repeat:movement_with_repeat",
                    "start": 0,
                    "end": 14,
                    "body": "jump six times",
                    "entities": [
                        {
                            "entity": "movement_type:movement_type",
                            "start": 0,
                            "end": 4,
                            "body": "jump",
                            "entities": []
                        },
                        {
                            "entity": "wit$number:number",
                            "start": 5,
                            "end": 8,
                            "body": "six",
                            "entities": []
                        }
                    ]
                }
            ],
            "traits": [],
            "intent": "move"
        },
        {
            "text": "jump three times",
            "entities": [
                {
                    "entity": "movement_with_repeat:movement_with_repeat",
                    "start": 0,
                    "end": 16,
                    "body": "jump three times",
                    "entities": [
                        {
                            "entity": "movement_type:movement_type",
                            "start": 0,
                            "end": 4,
                            "body": "jump",
                            "entities": []
                        },
                        {
                            "entity": "wit$number:number",
                            "start": 5,
                            "end": 10,
                            "body": "three",
                            "entities": []
                        }
                    ]
                }
            ],
            "traits": [],
            "intent": "move"
        },
        {
            "text": "jump twice",
            "entities": [
                {
                    "entity": "movement_with_repeat:movement_with_repeat",
                    "start": 0,
                    "end": 10,
                    "body": "jump twice",
                    "entities": [
                        {
                            "entity": "movement_type:movement_type",
                            "start": 0,
                            "end": 4,
                            "body": "jump",
                            "entities": []
                        },
                        {
                            "entity": "wit$number:number",
                            "start": 5,
                            "end": 10,
                            "body": "twice",
                            "entities": []
                        }
                    ]
                }
            ],
            "traits": [],
            "intent": "move"
        },
        {
            "text": "move to the left two blocks and then jump twice",
            "entities": [
                {
                    "entity": "movement_with_repeat:movement_with_repeat",
                    "start": 0,
                    "end": 27,
                    "body": "move to the left two blocks",
                    "entities": [
                        {
                            "entity": "wit$number:number",
                            "start": 17,
                            "end": 20,
                            "body": "two",
                            "entities": []
                        },
                        {
                            "entity": "movement_type:movement_type",
                            "start": 12,
                            "end": 16,
                            "body": "left",
                            "entities": []
                        }
                    ]
                },
                {
                    "entity": "movement_with_repeat:movement_with_repeat",
                    "start": 37,
                    "end": 47,
                    "body": "jump twice",
                    "entities": [
                        {
                            "entity": "movement_type:movement_type",
                            "start": 0,
                            "end": 4,
                            "body": "jump",
                            "entities": []
                        },
                        {
                            "entity": "wit$number:number",
                            "start": 5,
                            "end": 10,
                            "body": "twice",
                            "entities": []
                        }
                    ]
                }
            ],
            "traits": [],
            "intent": "move"
        }
    ]
}
