{
    "name": "movement_with_repeat",
    "roles": [
        "movement_with_repeat"
    ],
    "lookups": [
        "free-text",
        "keywords"
    ],
    "keywords": [
        {
            "keyword": "jump",
            "synonyms": [
                "jump"
            ]
        },
        {
            "keyword": "jump a few times",
            "synonyms": [
                "jump a few times"
            ]
        },
        {
            "keyword": "jump fives",
            "synonyms": [
                "jump fives"
            ]
        },
        {
            "keyword": "jump six times",
            "synonyms": [
                "jump six times"
            ]
        },
        {
            "keyword": "jump three times",
            "synonyms": [
                "jump three times"
            ]
        },
        {
            "keyword": "jump twice",
            "synonyms": [
                "jump twice"
            ]
        },
        {
            "keyword": "move to the left two blocks",
            "synonyms": [
                "move to the left two blocks"
            ]
        },
        {
            "keyword": "spin twice",
            "synonyms": [
                "spin twice"
            ]
        },
        {
            "keyword": "walk forwards",
            "synonyms": [
                "walk forwards"
            ]
        }
    ]
}
