{
    "name": "movement_type",
    "roles": [
        "movement_type"
    ],
    "lookups": [
        "keywords"
    ],
    "keywords": [
        {
            "keyword": "backward",
            "synonyms": [
                "back",
                "backward",
                "backwards",
                "behind"
            ]
        },
        {
            "keyword": "forward",
            "synonyms": [
                "forward",
                "forwards",
                "in front"
            ]
        },
        {
            "keyword": "jump",
            "synonyms": [
                "jump"
            ]
        },
        {
            "keyword": "left",
            "synonyms": [
                "left"
            ]
        },
        {
            "keyword": "punch",
            "synonyms": [
                "attack",
                "hit",
                "punch",
                "swing"
            ]
        },
        {
            "keyword": "right",
            "synonyms": [
                "right"
            ]
        },
        {
            "keyword": "sneak",
            "synonyms": [
                "crouch",
                "shift",
                "sneak"
            ]
        },
        {
            "keyword": "spin",
            "synonyms": [
                "spin",
                "turn"
            ]
        }
    ]
}
